{"eval_pass_rate":0.89,"_timestamp":1.7473628048760061e+09,"_wandb":{"runtime":1},"_runtime":1.9021761000000001,"_step":0}